Model,RMSE,MAE,R,DirAcc
RandomForest,0.00589,0.00384,0.0,0.0
XGBoost,0.00117,0.00114,0.0,0.0
Hybrid,0.01389,0.01014,-0.1765,0.499
